item,Rating,about,best,image,package
Paro,4.2,Paro is a small town situated in the Paro Valley of Bhutan. It is one of the most fertile as well as historic valley of Bhutan which is the widest in the Kingdom. It is home to 155 temples and monasteries dating back to the 14th century and also Bhutan's sole international airport. The Par...,September till November.,https://encrypted-tbn0.gstatic.com/images?q=tbn:ANd9GcRjPpmIz_21khONEBjA2tROJC1kbaWSFuSICA&usqp=CAU,1212
Thimphu,3.7,"Thimphu is known as the heart of Bhutan nestled in its central-western part. Replaced by Bhutan's ancient capital - Punakha, Thimphu was declared the capital city of the Himalayan Kingdom in the year 1961. Originally pronounced as 'Thimbu', the city is known as the most modernised place in Bhut...","September to November, March to May",https://wallpapercave.com/wp/wp2318440.jpg,3232
Phobjikha Valley (Gangtey),3.8,"Against the backdrop of western slopes of the Black Mountains in Wangdue Phodrang, lies the bowl-shaped Phobjikha valley that offers breathtaking views of vast expanses of green fields. It is home to the endangered black-necked crane that migrates to this area during winters. Phobjikha valley a...",October to December,https://www.esikkimtourism.in/bhutan/wp-content/uploads/2019/10/gangtey-valley.jpg,2334
Haa Valley,3,"Known as the smallest Dzongkhang (district) of Bhutan, Haa Valley is one of the most picturesque places located at the south-west of Paro. The idyllic wooded forests and paths are ideal for enthusiastic hikers and trekkers. This is also the only place in the world where one can find the cream colour...",October - November,https://th.bing.com/th/id/R.a14790ab1fb4b78cdc07aa9e3d434bb7?rik=3SKiqnHKZqAZ8A&riu=http%3a%2f%2freszmedia.com%2fwp-content%2fuploads%2f2011%2f09%2fDSC_0267.jpg&ehk=tP6iQENZm%2byxxCXGjGh38SEjDvTtN2%2fqQyGg%2bNupl40%3d&risl=&pid=ImgRaw&r=0,1232
Phuentsholing,3.5,"The second largest town in Bhutan, Phuentsholing shares its borders with the Indian State of West Bengal. Serving as an entry point for travellers from Kolkata and Siliguri, it is an important economic hub of Bhutan. An urban centre, it is more developed than most of the towns of Bhutan, yet it has ...",December to February,https://media.gettyimages.com/photos/khoo-kongsi-temple-penang-picture-id544763482,1231
Wangdue Phodrang,3.2,"Being one of the largest Dzongkhangs (District) of Bhutan, Wangdue Phodrang has everything from monasteries and temple to wildlife and rustic villages. The reason why the region is different as compared to others is that it is very diverse in terms of subtropical forests in the south to cold, snowy ...","March to May, September to November",https://youimg1.tripcdn.com/target/ww0o1e000001fja4e379B_C_750_500.jpg?proc=source%2ftrip,1312
Jakar,3.2,"Nestled at the foothills of Choekhor Valley, Jakar is the largest and the most beautiful valley in Bumthang. It is popularly known as ""Little Switzerland"". Jakar is the principal administrative town of the district of Bumthang. Bumthang consists of four valleys - Tang, Ura, Choekhor and Chumey, out ...","March to May, September to November",https://th.bing.com/th/id/OIP.3kYR_URGghErPMQTYKh9LAHaFS?pid=ImgDet&w=1400&h=1000&rs=1,3543
Bumthang,3.1,"Home to four beautiful mountain valleys and an array of ancient monasteries and temples, Bumthang takes its place as the most historic of all districts in Bhutan. Considered to be the spiritual centre of the Himalayan Kingdom, Bumthang is a beautiful place to visit if one has a keen interest in reli...",March to May and September to November,https://thesologlobetrotter.com/wp-content/uploads/2018/06/Bumthang-valley.jpg,3445
Punakha,3.5,"Punakha is one of the 20 districts (dzongkhags) of Bhutan bordered by the Gasa, Wangdue Phodrang and Thimphu districts. Located at the height of 1200m above sea level, Punakha offers a mesmerising view of the Himalayas.",March to May,https://asiainspirations.co.uk/wp-content/uploads/2015/05/shutterstock_151345925-e1487155335988.jpg,2435
Samdrup Jongkhar,2.1,"Samdrup Jongkhar is a small town in South-Eastern Bhutan and is located at the border of Assam and Arunachal Pradesh. Its proximity to the Indian border with multiple Indian shopkeepers and hawkers setting up shops here makes it one of the largest urban centres of Bhutan.Samdrup Jongkhar, a beautifu...",November to February,https://www.heavenlybhutan.com/wp-content/uploads/2020/09/Samdrup-Jongkhar-Dzong.jpg,2464
Mongar,2.9,"Mongar is a small town situated in Eastern Bhutan, widely known for its lemongrass production in the country. It is also one of the oldest education centres in the country. With a population of about 40,000 people, Mongar is one of the fastest developing districts in Bhutan. It is also the site&nbsp...",September to November,https://triptobhutan.in/images/destination/Mongar.jpg,3435
Trongsa,3.8,"Trongsa is a hilltop town situated at the centre of Bhutan; hence known to be the heart of the Himalayan Kingdom. It's translated as ""new village"" in Dzongkha that has a backdrop of the black mountains offering beautiful views of the surrounding valleys.",November to February,https://images.lonelyplanetitalia.it/static/places/trongsa-4044.jpg?q=80&s=18a00be9e3a41f08dc6bb7458166f9b9,2335
Lhuentse,2.8,Lhuentse is a small town located 67 kilometres away from Mongar in Eastern Bhutan. The town is remote and one of the least developed districts in Bhutan which was formerly known as Kurtoe. It is the ancestral home of the Royal family; hence keeping the most distinct art forms of the country intact.,September to November,https://www.geoex.com/app/uploads/2019/11/bhutan-lhuentse-dzong-rainbow-landscape.jpg,4344
Trashigang,2.3,"Trashigang, called the 'Jewel of the East', is a beautiful hill station located in Eastern Bhutan, spread across an altitude ranging from 600 m to over 4000 m. It is the largest district of Bhutan and is immensely beautiful and serene. Trashigang is also a renowned town for trade-in Bhutan, serving ...",October to December,https://jonovernon-powell.com/wp-content/uploads/2019/10/trashigang-dzong-west-copyright-jono-vernon-powell.jpg,3234
Royal Manas National Park,NaN,"The oldest national park in Bhutan, Royal Manas National Park is one of the largest national parks in the country. Known as the ""conservation showpiece of the Kingdom"", it is the largest example of tropical and sub-tropical ecosystems in Bhutan. Occupying south-central Bhutan, it shares its southern...",November to February,https://www.swantour.com/blogs/wp-content/uploads/2018/09/Royal-Manas-National-Park-bhutan.jpg,2425
Chele La Pass,NaN,"Bhutan, being a country with a mountainous landscape, is linked with a series of passes. Located at approximately 13,000 feet between the valley of Paro and Haa, Chele La Pass is the highest motorable road pass in Bhutan. The pass is famous for the stunning Himalayan views it offers, especially Mt. ...",April to June,https://www.makemytrip.com/travel-guide/media/dg_image/paro/Chele-La-Pass.jpg,2442
Laya Gasa Trek,NaN,"Laya Gasa trek is one of the most popular and scenic long-distance treks in the northern Himalayan region of Bhutan, along the border with Tibet.",October to November,https://ylt-images.imgix.net/23a7de7d-cf80-4a5e-98ad-2a999fb1e4fa%2Fc1b1d9fe-df67-e911-81ad-0638e1369576%2F7fbac633-4040-4aaa-a5d9-f59917b6288afullsizeoutput_39df.jpeg?fit=crop&crop=entropy&w=1500&auto=format&dpr=3&q=20,5434
Dochula Pass,NaN,"Nestled in the eastern edge of the Himalayas, the Kingdom of Bhutan boasts of spectacular mountain views and some of the happiest people in the world. And with this beautiful outlook of life came the creation of Dochula Pass, a breath-taking mountain pass, in commemoration of Bhutanese soldiers who ...",September to Decemebr,https://c1.staticflickr.com/1/646/31582421596_5129e3eb1c_b.jpg,2143
Mountain Biking in Bhutan,NaN,Speeding up your bike en route to the top of the hill and playing with wind and speed while enjoying the beautiful sights from there is one of the best experiences that a man can fathom in his lifetime. And what's a better way to get your adrenaline racing than mountain biking in Bhutan? With its vi...,March to May,https://www.bhutanpelyabtours.com/wp-content/uploads/2018/01/Mountain-biking-1024x683.jpg,2425
Archery in Bhutan,NaN,"Seeing the level of enthusiasm that Bhutanese have for this sport, it would not be wrong to say that archery is the crown jewel of the country. And it must be the aura of Bhutan that even the tourists can't resist themselves to enjoy one or more matches of archery. The joy of seeing an arrow leaving...",July and August,https://www.bhutanpeacefultour.com/wp-content/uploads/2018/11/Bhutan-National-Sport-Archery.jpg,2345
Rock Climbing in Bhutan,NaN,"While many tourists love conquering the high cliffs by hiking, some take the adventure a few notches higher with rock climbing which take mental and physical determination, body strength, agility, perfect balance, endurance and also control over the mind. It was in early 1998 that Bhutan first opene...","March to May ,September to October",https://th.bing.com/th/id/OIP.pFCtf-RWaV8OsiRh7WRszwHaFb?pid=ImgDet&rs=1,3996
River Rafting in Bhutan,NaN,"With a number of rugged, untamed rivers meandering through its map, Bhutan offers the perfect destination for river rafting. Mo Chhu, Paro Chhu in Punakha, Sankosh River, Mangde Chhu, Wang Chhu, Puna Tsang Chhu and the Dangme Chhu are considered to be the best for rafting due to their easy access an...","March to May ,September to October",https://th.bing.com/th/id/OIP.Pq6KH8FXj-tYStUZRVU-cgHaEj?pid=ImgDet&rs=1,2345
Trekking in Bhutan,NaN,"Trekking in Bhutan is undoubtedly a most astonishing and adventurous experience for hikers around the globe. No matter whether you are an amateur or an expert in trekking, you will get your fair share of adrenaline on whichever trekking route you choose as per the difficulty levels. Just ensure that...",October to December,https://images.unsplash.com/photo-1545652985-5edd365b12eb?ixlib=rb-1.2.1&q=80&fm=jpg&crop=entropy&cs=tinysrgb&w=2000&fit=max&ixid=eyJhcHBfaWQiOjExNzczfQ,3446
